building_id,scenario_id,period_id,carrier,measured_energy_kWh,inverse_fitted_kWh,forward_simulated_kWh,inverse_residual_kWh,forward_residual_kWh
B001,S00,2025-01,electricity,6200.0,6325.919600012004,9030.585916212414,-125.91960001200368,-2830.5859162124143
B001,S00,2025-02,electricity,5800.0,5432.991240624957,6795.449075797839,367.00875937504316,-995.4490757978392
B001,S00,2025-03,electricity,5200.0,5247.183885480946,5106.639024822517,-47.18388548094572,93.36097517748294
B001,S00,2025-04,electricity,4800.0,4706.3488119992935,3319.077426346824,93.6511880007065,1480.9225736531762
B001,S00,2025-05,electricity,5000.0,5049.103886029193,2847.00377351754,-49.103886029192836,2152.99622648246
B001,S00,2025-06,electricity,5600.0,5734.238841289194,3089.047661580007,-134.23884128919417,2510.952338419993
B001,S00,2025-07,electricity,6500.0,6483.010476888606,3402.1332676305374,16.989523111394192,3097.8667323694626
B001,S00,2025-08,electricity,6400.0,6350.241348105327,2814.9767379967634,49.75865189467277,3585.0232620032366
B001,S00,2025-09,electricity,5300.0,5194.596575911996,2623.0655257876497,105.4034240880037,2676.9344742123503
B001,S00,2025-10,electricity,4800.0,4863.227105732603,3918.9008923982074,-63.22710573260338,881.0991076017926
B001,S00,2025-11,electricity,5200.0,5290.246218989861,6177.874018764339,-90.24621898986061,-977.8740187643389
B001,S00,2025-12,electricity,6000.0,6161.36669440557,8401.169044839899,-161.36669440557034,-2401.1690448398986
B001,S00,2025-01,natural_gas,6500.0,6547.205249509272,0.0,-47.20524950927211,6500.0
B001,S00,2025-02,natural_gas,5200.0,4955.299862739895,0.0,244.7001372601053,5200.0
B001,S00,2025-03,natural_gas,3000.0,2864.9791502696735,0.0,135.02084973032652,3000.0
B001,S00,2025-04,natural_gas,1200.0,1202.2289439969575,0.0,-2.2289439969574687,1200.0
B001,S00,2025-05,natural_gas,700.0,962.9814771867053,0.0,-262.9814771867053,700.0
B001,S00,2025-06,natural_gas,650.0,653.1589423439393,0.0,-3.158942343939316,650.0
B001,S00,2025-07,natural_gas,600.0,491.6259988445758,0.0,108.3740011554242,600.0
B001,S00,2025-08,natural_gas,600.0,535.2700246169952,0.0,64.72997538300478,600.0
B001,S00,2025-09,natural_gas,700.0,830.5507890318376,0.0,-130.55078903183755,700.0
B001,S00,2025-10,natural_gas,1400.0,1242.3032421301893,0.0,157.69675786981065,1400.0
B001,S00,2025-11,natural_gas,3400.0,3497.328863697965,0.0,-97.32886369796506,3400.0
B001,S00,2025-12,natural_gas,5800.0,5985.509742845604,0.0,-185.5097428456038,5800.0
