building_id,scenario_id,period_id,H_transmission_W_K,H_ground_W_K,H_ventilation_W_K,H_total_W_K,thermal_capacity_J_K,tau_h,utilisation_exponent,q_ve_m3_h,days,hours,outdoor_temp_C,solar_gain_kWh,internal_gain_kWh,total_gain_kWh,lighting_appliance_kWh,heat_transfer_kWh,gamma_heating,eta_heating,useful_heating_kWh,cool_transfer_kWh,gamma_cooling,eta_cooling,useful_cooling_kWh,useful_dhw_kWh,eff_H_pri,eff_H_sec,eff_W_pri,eff_W_sec,eff_C,energy_H_pri_kWh,energy_H_sec_kWh,energy_W_pri_kWh,energy_W_sec_kWh,energy_C_kWh,primary_share,solar_thermal_kWh,auxiliary_kWh,pv_generation_kWh,pv_self_used_kWh,pv_exported_kWh,delivered_electricity_kWh,delivered_natural_gas_kWh,delivered_district_heat_kWh,delivered_total_kWh,primary_energy_kWh,operational_carbon_kgCO2e,carrier_balance_residual_kWh
B001,S00,2025-01,888.8,144.0,281.4,1314.1999999999998,132000000.0,27.90037031400599,2.8600246876003994,1200.0,31.0,744.0,3.5,718.9775999999999,3531.024,4250.0016,3928.32,16133.119199999997,0.26343334771864824,0.9836753317949667,11952.497465990858,21999.707999999995,5.176399933590613,0.9926650165985612,0.0,255.75,2.4050000000000002,0.9,2.4,0.85,4.885,4969.853416212414,0.0,62.8125,0.0,0.0,1.0,105.0,669.6,600.0,600.0,0.0,9030.585916212414,0.0,0.0,9030.585916212414,18964.230424046073,2104.1265184774925,0.0
B001,S00,2025-02,888.8,144.0,281.4,1314.1999999999998,132000000.0,27.90037031400599,2.8600246876003994,1200.0,28.0,672.0,5.2,1125.1987199999999,3189.312,4314.51072,3548.16,13070.50752,0.3300951178367097,0.9714653251233362,8879.10996064708,18369.36192,4.257577072377745,0.9878119647608903,0.0,231.0,2.524,0.9,2.4,0.85,4.732,3517.872409131173,0.0,30.216666666666672,0.0,0.0,1.0,158.48,604.8,905.6,905.6,0.0,6795.449075797839,0.0,0.0,6795.449075797839,14270.443059175463,1583.3396346608965,0.0
B001,S00,2025-03,888.8,144.0,281.4,1314.1999999999998,132000000.0,27.90037031400599,2.8600246876003994,1200.0,31.0,744.0,9.4,1901.70432,3531.024,5432.72832,3928.32,10364.306879999996,0.5241767136868106,0.9182281042876586,5375.82305361652,16230.895679999998,2.9876140907410584,0.9704900616689169,0.0,255.75,2.8180000000000005,0.9,2.4,0.85,4.354,1907.6731914891836,0.0,4.245833333333333,0.0,0.0,1.0,245.56,669.6,1403.2,1403.2,0.0,5106.639024822517,0.0,0.0,5106.639024822517,10723.941952127287,1189.8468927836466,0.0
B001,S00,2025-04,888.8,144.0,281.4,1314.1999999999998,132000000.0,27.90037031400599,2.8600246876003994,1200.0,30.0,720.0,13.6,2502.2476800000004,3417.12,5919.36768,3801.6,6055.8336,0.9774653781768377,0.7493174421644785,1620.3481507913166,11733.177599999997,1.9821673925820396,0.9246060368671409,0.0,247.5,3.112,0.9,2.4,0.85,3.976,520.6774263468241,0.0,0.0,0.0,0.0,1.0,247.5,648.0,1651.2,1651.2,0.0,3319.077426346824,0.0,0.0,3319.077426346824,6970.062595328331,773.34504033881,0.0
B001,S00,2025-05,888.8,144.0,281.4,1314.1999999999998,132000000.0,27.90037031400599,2.8600246876003994,1200.0,31.0,744.0,17.2,2976.2784,3531.024,6507.3024000000005,3928.32,2737.74144,2.3768871321902485,0.39947976382456046,138.20581411300418,8604.33024,1.3222576285989105,0.8338505657569916,0.0,255.75,3.364,0.9,2.4,0.85,3.652,41.08377351753989,0.0,0.0,0.0,0.0,1.0,255.75,669.6,1792.0,1792.0,0.0,2847.00377351754,0.0,0.0,2847.00377351754,5978.707924386835,663.3518792295869,0.0
B001,S00,2025-06,888.8,144.0,281.4,1314.1999999999998,132000000.0,27.90037031400599,2.8600246876003994,1200.0,30.0,720.0,20.5,3299.4144,3074.4,6373.8144,3456.0,-473.11199999999997,,0.0,0.0,5204.231999999999,0.8165019678012587,0.6619112090696722,2929.0749046009228,214.5,3.595,0.9,2.4,0.85,3.3550000000000004,0.0,0.0,0.0,0.0,873.0476615800067,1.0,214.5,648.0,1888.0,1888.0,0.0,3089.047661580007,0.0,0.0,3089.047661580007,6487.000089318015,719.7481051481417,0.0
B001,S00,2025-07,888.8,144.0,281.4,1314.1999999999998,132000000.0,27.90037031400599,2.8600246876003994,1200.0,31.0,744.0,22.6,3455.1071999999995,2812.32,6267.4272,3199.2,-2542.1884800000007,,0.0,0.0,3324.4003199999984,0.5304250394803147,0.48595774250247914,4651.909125318281,187.55,3.7420000000000004,0.9,2.4,0.85,3.166,0.0,0.0,0.0,0.0,1469.3332676305374,1.0,187.55,669.6,1936.0,1936.0,0.0,3402.1332676305374,0.0,0.0,3402.1332676305374,7144.479862024129,792.6970513579153,0.0
B001,S00,2025-08,888.8,144.0,281.4,1314.1999999999998,132000000.0,27.90037031400599,2.8600246876003994,1200.0,31.0,744.0,22.1,3193.6607999999997,2499.84,5693.5008,2901.6,-2053.306080000001,,0.0,0.0,3813.282719999998,0.6697606365489573,0.5804693375298424,3480.0071057076057,153.45000000000002,3.7070000000000003,0.9,2.4,0.85,3.2110000000000003,0.0,0.0,0.0,0.0,1083.776737996763,1.0,153.45000000000002,669.6,1840.0,1840.0,0.0,2814.9767379967634,0.0,0.0,2814.9767379967634,5911.4511497932035,655.8895799532459,0.0
B001,S00,2025-09,888.8,144.0,281.4,1314.1999999999998,132000000.0,27.90037031400599,2.8600246876003994,1200.0,30.0,720.0,18.4,2554.2432,3225.6,5779.843199999999,3600.0,1513.9584000000011,3.8177027849642333,0.25772264325166905,24.36193291581594,7191.3024000000005,1.2442037181908328,0.8155914262167284,0.0,230.99999999999997,3.4480000000000004,0.9,2.4,0.85,3.5440000000000005,7.0655257876496345,0.0,0.0,0.0,0.0,1.0,230.99999999999997,648.0,1632.0,1632.0,0.0,2623.0655257876497,0.0,0.0,2623.0655257876497,5508.4376041540645,611.1742675085225,0.0
B001,S00,2025-10,888.8,144.0,281.4,1314.1999999999998,132000000.0,27.90037031400599,2.8600246876003994,1200.0,31.0,744.0,13.5,1887.408,3531.024,5418.432,3928.32,6355.471199999999,0.8525618053308149,0.7967788636276262,2038.1791083964335,12222.059999999998,2.2556451755784694,0.9431864800854285,0.0,255.75,3.1050000000000004,0.9,2.4,0.85,3.9850000000000003,656.4183923982072,0.0,8.562500000000005,0.0,0.0,1.0,235.2,669.6,1344.0,1344.0,0.0,3918.9008923982074,0.0,0.0,3918.9008923982074,8229.691874036236,913.1039079287824,0.0
B001,S00,2025-11,888.8,144.0,281.4,1314.1999999999998,132000000.0,27.90037031400599,2.8600246876003994,1200.0,30.0,720.0,8.2,1068.3072,3417.12,4485.4272,3801.6,11165.4432,0.40172406232830954,0.9545880303288905,6883.7080839683695,16842.7872,3.7550017978220667,0.9832216434564269,0.0,247.5,2.734,0.9,2.4,0.85,4.462000000000001,2517.8156854310055,0.0,42.458333333333336,0.0,0.0,1.0,145.6,648.0,832.0,832.0,0.0,6177.874018764339,0.0,0.0,6177.874018764339,12973.535439405112,1439.444646372091,0.0
B001,S00,2025-12,888.8,144.0,281.4,1314.1999999999998,132000000.0,27.90037031400599,2.8600246876003994,1200.0,31.0,744.0,4.4,651.1679999999999,3176.88,3828.048,3571.2,15253.130879999997,0.2509680163447205,0.985562570619576,11480.350052664871,21119.71968,5.517098970545824,0.9937994038085256,0.0,221.65,2.468,0.9,2.4,0.85,4.804,4651.681544839899,0.0,52.68750000000001,0.0,0.0,1.0,95.19999999999999,669.6,544.0,544.0,0.0,8401.169044839899,0.0,0.0,8401.169044839899,17642.45499416379,1957.4723874476965,0.0
