building_id,scenario_id,period_id,carrier,measured_energy_kWh,calibration_validation_flag,data_quality_flag
B001,S00,2025-01,electricity,6200,calibration,synthetic_good
B001,S00,2025-02,electricity,5800,calibration,synthetic_good
B001,S00,2025-03,electricity,5200,calibration,synthetic_good
B001,S00,2025-04,electricity,4800,calibration,synthetic_good
B001,S00,2025-05,electricity,5000,calibration,synthetic_good
B001,S00,2025-06,electricity,5600,calibration,synthetic_good
B001,S00,2025-07,electricity,6500,calibration,synthetic_good
B001,S00,2025-08,electricity,6400,calibration,synthetic_good
B001,S00,2025-09,electricity,5300,validation,synthetic_good
B001,S00,2025-10,electricity,4800,validation,synthetic_good
B001,S00,2025-11,electricity,5200,validation,synthetic_good
B001,S00,2025-12,electricity,6000,validation,synthetic_good
B001,S00,2025-01,natural_gas,6500,calibration,synthetic_good
B001,S00,2025-02,natural_gas,5200,calibration,synthetic_good
B001,S00,2025-03,natural_gas,3000,calibration,synthetic_good
B001,S00,2025-04,natural_gas,1200,calibration,synthetic_good
B001,S00,2025-05,natural_gas,700,calibration,synthetic_good
B001,S00,2025-06,natural_gas,650,calibration,synthetic_good
B001,S00,2025-07,natural_gas,600,calibration,synthetic_good
B001,S00,2025-08,natural_gas,600,calibration,synthetic_good
B001,S00,2025-09,natural_gas,700,validation,synthetic_good
B001,S00,2025-10,natural_gas,1400,validation,synthetic_good
B001,S00,2025-11,natural_gas,3400,validation,synthetic_good
B001,S00,2025-12,natural_gas,5800,validation,synthetic_good
