record_key,building_id,scenario_id,period_id,days,outdoor_temp_C,occupancy_fraction,lighting_appliance_power_W,solar_N_kWh_m2,solar_E_kWh_m2,solar_S_kWh_m2,solar_W_kWh_m2,solar_HOR_kWh_m2
B001|S00|2025-01,B001,S00,2025-01,31,3.5,0.75,5280,9,16.5,37.5,16.5,30
B001|S00|2025-02,B001,S00,2025-02,28,5.2,0.75,5280,14.4,27.8,56.6,27.8,48
B001|S00|2025-03,B001,S00,2025-03,31,9.4,0.75,5280,27.5,53.3,87.7,53.3,86
B001|S00|2025-04,B001,S00,2025-04,30,13.6,0.75,5280,42,79.2,103.2,79.2,120
B001|S00|2025-05,B001,S00,2025-05,31,17.2,0.75,5280,57,101,112,101,151
B001|S00|2025-06,B001,S00,2025-06,30,20.5,0.65,4800,67,116,118,116,170
B001|S00|2025-07,B001,S00,2025-07,31,22.6,0.55,4300,72,123,121,123,181
B001|S00|2025-08,B001,S00,2025-08,31,22.1,0.45,3900,64,112,115,112,162
B001|S00|2025-09,B001,S00,2025-09,30,18.4,0.7,5000,45,83,102,83,126
B001|S00|2025-10,B001,S00,2025-10,31,13.5,0.75,5280,29,55,84,55,83
B001|S00|2025-11,B001,S00,2025-11,30,8.2,0.75,5280,14,28,52,28,43
B001|S00|2025-12,B001,S00,2025-12,31,4.4,0.65,4800,8,15,34,15,26
