building_id,zone_id,surface_index,surface_type,area_m2,azimuth_deg,tilt_deg
1,upper,0,ExtWall,358.0016294550038,298.00544192788226,90.0
1,upper,1,ExtWall,128.9009568049145,30.3672405703333,90.0
1,upper,2,ExtWall,8.665862859584166,22.047908141914814,90.0
1,upper,3,ExtWall,108.61689349026555,27.526342301611354,90.0
1,upper,4,ExtWall,353.3422484108521,118.44378969841338,90.0
1,upper,5,ExtWall,100.50164110671973,206.25508336797898,90.0
1,upper,6,ExtWall,0.6988266647364524,309.13807835104586,90.0
1,upper,7,ExtWall,143.00573246552412,208.49371361233105,90.0
1,upper,8,Roof,745.081298828125,0.0,0.0
1,upper,9,IntFloor,1490.16259765625,0.0,0.0
1,upper,10,IntCeiling,1490.16259765625,0.0,0.0
1,upper,11,IntWall,2235.243896484375,0.0,90.0
1,lower,0,ExtWall,119.33387648500127,298.00544192788226,90.0
1,lower,1,ExtWall,42.966985601638164,30.3672405703333,90.0
1,lower,2,ExtWall,2.888620953194722,22.047908141914814,90.0
1,lower,3,ExtWall,36.20563116342185,27.526342301611354,90.0
1,lower,4,ExtWall,117.78074947028404,118.44378969841338,90.0
1,lower,5,ExtWall,33.50054703557324,206.25508336797898,90.0
1,lower,6,ExtWall,0.23294222157881744,309.13807835104586,90.0
1,lower,7,ExtWall,47.668577488508035,208.49371361233105,90.0
1,lower,8,GroundFloor,745.081298828125,0.0,0.0
1,lower,9,IntWall,745.081298828125,0.0,90.0
18,upper,0,ExtWall,284.20613482000226,7.193470054521648,90.0
18,upper,1,ExtWall,81.1746728790722,95.8067269053995,90.0
18,upper,2,ExtWall,287.0953459855988,187.3960765589965,90.0
18,upper,3,ExtWall,80.14100228263031,277.8533133013376,90.0
18,upper,4,Roof,306.685791015625,0.0,0.0
18,upper,5,IntFloor,306.685791015625,0.0,0.0
18,upper,6,IntCeiling,306.685791015625,0.0,0.0
18,upper,7,IntWall,613.37158203125,0.0,90.0
18,lower,0,ExtWall,142.10306741000113,7.193470054521648,90.0
18,lower,1,ExtWall,40.5873364395361,95.8067269053995,90.0
18,lower,2,ExtWall,143.5476729927994,187.3960765589965,90.0
18,lower,3,ExtWall,40.070501141315155,277.8533133013376,90.0
18,lower,4,GroundFloor,306.685791015625,0.0,0.0
18,lower,5,IntWall,306.685791015625,0.0,90.0
19,upper,0,ExtWall,88.39829134753901,11.689369176739406,90.0
19,upper,1,ExtWall,385.43482262401875,97.56532106848294,90.0
19,upper,2,ExtWall,89.9965819881593,185.71059313819654,90.0
19,upper,3,ExtWall,394.7088756002221,277.8237107318056,90.0
19,upper,4,Roof,389.025390625,0.0,0.0
19,upper,5,IntFloor,778.05078125,0.0,0.0
19,upper,6,IntCeiling,778.05078125,0.0,0.0
19,upper,7,IntWall,1167.076171875,0.0,90.0
19,lower,0,ExtWall,29.46609711584634,11.689369176739406,90.0
19,lower,1,ExtWall,128.47827420800624,97.56532106848294,90.0
19,lower,2,ExtWall,29.99886066271977,185.71059313819654,90.0
19,lower,3,ExtWall,131.56962520007403,277.8237107318056,90.0
19,lower,4,GroundFloor,389.025390625,0.0,0.0
19,lower,5,IntWall,389.025390625,0.0,90.0
20,upper,0,ExtWall,640.3266503601835,286.64503821454974,90.0
20,upper,1,ExtWall,688.9565237072503,195.43964553552235,90.0
20,upper,2,ExtWall,650.4297030590324,103.4957332807087,90.0
20,upper,3,ExtWall,653.4974952970376,14.574216198131674,90.0
20,upper,4,ExtWall,297.5171141800999,108.91641462826796,90.0
20,upper,5,ExtWall,279.7292922965575,12.072137345873509,90.0
20,upper,6,ExtWall,294.59948482228134,280.8274531043276,90.0
20,upper,7,ExtWall,237.87604830129882,192.28095440712843,90.0
20,upper,8,ExtWall,335.9618535406205,283.3533702077524,90.0
20,upper,9,ExtWall,368.8762203126855,192.6678748616262,90.0
20,upper,10,ExtWall,326.23201662150825,99.31932139187057,90.0
20,upper,11,ExtWall,345.95385659205147,14.367812565125007,90.0
20,upper,12,Roof,1682.424072265625,0.0,0.0
20,upper,13,IntFloor,10094.54443359375,0.0,0.0
20,upper,14,IntCeiling,10094.54443359375,0.0,0.0
20,upper,15,IntWall,11776.968505859375,0.0,90.0
20,lower,0,ExtWall,91.47523576574049,286.64503821454974,90.0
20,lower,1,ExtWall,98.42236052960719,195.43964553552235,90.0
20,lower,2,ExtWall,92.9185290084332,103.4957332807087,90.0
20,lower,3,ExtWall,93.35678504243396,14.574216198131674,90.0
20,lower,4,ExtWall,42.50244488287142,108.91641462826796,90.0
20,lower,5,ExtWall,39.961327470936794,12.072137345873509,90.0
20,lower,6,ExtWall,42.085640688897335,280.8274531043276,90.0
20,lower,7,ExtWall,33.98229261447126,192.28095440712843,90.0
20,lower,8,ExtWall,47.99455050580292,283.3533702077524,90.0
20,lower,9,ExtWall,52.69660290181221,192.6678748616262,90.0
20,lower,10,ExtWall,46.60457380307261,99.31932139187057,90.0
20,lower,11,ExtWall,49.421979513150205,14.367812565125007,90.0
20,lower,12,GroundFloor,1682.424072265625,0.0,0.0
20,lower,13,IntWall,1682.424072265625,0.0,90.0
21,single,0,ExtWall,1454.967628660237,279.11135704477476,90.0
21,single,1,ExtWall,3622.9669293476427,189.03948280345625,90.0
21,single,2,ExtWall,1880.537807922337,99.12289620525793,90.0
21,single,3,ExtWall,2195.8344066520076,9.055357507420359,90.0
21,single,4,ExtWall,373.25931644760243,273.1221304624427,90.0
21,single,5,ExtWall,1467.5534222447002,6.895309414384012,90.0
21,single,6,ExtWall,590.4470646565819,99.24611274559126,90.0
21,single,7,ExtWall,727.6416028272004,4.807953964668533,90.0
21,single,8,ExtWall,555.6697060279548,270.0,90.0
21,single,9,ExtWall,636.3380832198188,187.95752522694124,90.0
21,single,10,ExtWall,1018.0489204978265,101.90830006113231,90.0
21,single,11,ExtWall,1174.2062190147685,9.299241681647974,90.0
21,single,12,ExtWall,1051.421845823028,272.5857943424995,90.0
21,single,13,ExtWall,1005.3169926433629,187.74777203602437,90.0
21,single,14,Roof,3645.695068359375,0.0,0.0
21,single,15,GroundFloor,3645.695068359375,0.0,0.0
21,single,16,IntFloor,40102.645751953125,0.0,0.0
21,single,17,IntCeiling,40102.645751953125,0.0,0.0
21,single,18,IntWall,43748.3408203125,0.0,90.0
